COUNTRY,ISO3,WHO_REGION,DATA_SOURCE,DATE_UPDATED,TOTAL_VACCINATIONS,PERSONS_VACCINATED_1PLUS_DOSE,TOTAL_VACCINATIONS_PER100,PERSONS_VACCINATED_1PLUS_DOSE_PER100,PERSONS_FULLY_VACCINATED,PERSONS_FULLY_VACCINATED_PER100,VACCINES_USED,FIRST_VACCINE_DATE,NUMBER_VACCINES_TYPES_USED,PERSONS_BOOSTER_ADD_DOSE,PERSONS_BOOSTER_ADD_DOSE_PER100
Afghanistan,AFG,EMRO,REPORTING,2/14/2023,12788310,11782909,32.851,30.268,11062636,28.418,"AstraZeneca - Vaxzevria,Beijing CNBG - BBIBP-CorV,Bharat - Covaxin,CanSino - Convidecia,Gamaleya - Gam-Covid-Vac,Gamaleya - Sputnik-Light,Janssen - Ad26.COV 2-S,Moderna - Spikevax,Pfizer BioNTech - Comirnaty,SII - Covishield,Sinovac - CoronaVac",2/22/2021,11,,
Albania,ALB,EURO,REPORTING,2/5/2023,3058102,1345763,106.3,47.287,1274719,44.791,"AstraZeneca - Vaxzevria,Gamaleya - Gam-Covid-Vac,Pfizer BioNTech - Comirnaty,SII - Covishield,Sinovac - CoronaVac",1/13/2021,5,390033,13.705
Algeria,DZA,AFRO,REPORTING,9/4/2022,15267442,7840131,34.817,17.879,6481186,14.78,"Beijing CNBG - BBIBP-CorV,Gamaleya - Gam-Covid-Vac,SII - Covishield,Sinovac - CoronaVac",1/30/2021,4,575651,1.313
American Samoa,ASM,WPRO,REPORTING,9/26/2022,111316,44671,201.67,80.93,42547,77.082,"Janssen - Ad26.COV 2-S,Moderna - Spikevax,Pfizer BioNTech - Comirnaty",12/21/2020,3,24160,43.77
Andorra,AND,EURO,REPORTING,1/29/2023,156766,57903,202.9,76.011,53492,70.221,"AstraZeneca - Vaxzevria,Moderna - Spikevax,Pfizer BioNTech - Comirnaty",1/20/2021,3,43049,56.512
Angola,AGO,AFRO,REPORTING,1/1/2023,23893345,15079129,72.699,45.88,8306664,25.274,SII - Covishield,3/10/2021,1,1526098,4.643
Anguilla,AIA,AMRO,REPORTING,2/10/2023,24489,10854,163.238,72.35,10380,69.191,"AstraZeneca - Vaxzevria,Pfizer BioNTech - Comirnaty",2/5/2021,2,3003,20.017
Antigua and Barbuda,ATG,AMRO,REPORTING,2/10/2023,136512,64290,139.399,65.65,62384,63.703,"AstraZeneca - Vaxzevria,Beijing CNBG - BBIBP-CorV,Gamaleya - Gam-Covid-Vac,Janssen - Ad26.COV 2-S,Pfizer BioNTech - Comirnaty,SII - Covishield",3/1/2021,6,9838,10.046
Argentina,ARG,AMRO,REPORTING,10/7/2022,109652736,41324100,242.617,91.434,37840119,83.725,"AstraZeneca - Vaxzevria,Beijing CNBG - BBIBP-CorV,CanSino - Convidecia,Gamaleya - Gam-Covid-Vac,Moderna - Spikevax,Pfizer BioNTech - Comirnaty,SII - Covishield",12/29/2020,7,30810184,68.17
Armenia,ARM,EURO,REPORTING,5/22/2022,2150112,1129669,72.6,38.123,985807,33.268,"AstraZeneca - Vaxzevria,Beijing CNBG - BBIBP-CorV,Gamaleya - Gam-Covid-Vac,Gamaleya - Sputnik-Light,Moderna - Spikevax,Pfizer BioNTech - Comirnaty,Sinovac - CoronaVac,Wuhan CNBG - Inactivated",6/16/2021,8,40725,1.374
Aruba,ABW,AMRO,REPORTING,2/10/2023,216561,90248,202.837,84.529,84085,78.756,"Janssen - Ad26.COV 2-S,Pfizer BioNTech - Comirnaty",2/17/2021,2,35659,33.399
Australia,AUS,WPRO,REPORTING,1/4/2023,64549484,22235240,253.136,87.197,21655300,84.923,"AstraZeneca - Vaxzevria,Janssen - Ad26.COV 2-S,Moderna - Spikevax,Novavax-NUVAXOVID,Pfizer BioNTech - Comirnaty",2/21/2021,5,14328433,56.19
Austria,AUT,EURO,REPORTING,2/5/2023,20369447,6898336,228.8,77.609,6680457,75.052,"AstraZeneca - Vaxzevria,Janssen - Ad26.COV 2-S,Moderna - Spikevax,Moderna – Spikevax Bivalent Original/Omicron BA.1,Novavax-NUVAXOVID,Pfizer BioNTech - Comirnaty,Pfizer BioNTech - Comirnaty Bivalent Original/Omicron BA.1,Pfizer BioNTech - Comirnaty Bivalent Original/Omicron BA.4/BA.5,Unknown Vaccine,Valneva - VLA2001",12/30/2020,10,5402254,60.692
Azerbaijan,AZE,EURO,REPORTING,2/5/2023,13804660,5426071,136.2,53.516,4881095,48.141,"AstraZeneca - Vaxzevria,Gamaleya - Gam-Covid-Vac,Gamaleya - Sputnik-Light,Pfizer BioNTech - Comirnaty,Sinovac - CoronaVac",1/20/2021,5,3497496,34.495
Bahamas,BHS,AMRO,REPORTING,2/10/2023,364701,174147,92.742,44.285,165633,42.12,"AstraZeneca - Vaxzevria,Janssen - Ad26.COV 2-S,Pfizer BioNTech - Comirnaty,SII - Covishield",3/14/2021,4,33585,8.54
Bahrain,BHR,EMRO,REPORTING,12/21/2022,3476633,1241174,204.319,72.943,1226796,72.098,"AstraZeneca - Vaxzevria,Beijing CNBG - BBIBP-CorV,Bharat - Covaxin,CanSino - Convidecia,Gamaleya - Gam-Covid-Vac,Gamaleya - Sputnik-Light,Janssen - Ad26.COV 2-S,Moderna - Spikevax,Pfizer BioNTech - Comirnaty,SII - Covishield,Sinovac - CoronaVac",11/4/2020,11,1008663,59.278
Bangladesh,BGD,SEARO,REPORTING,2/14/2023,354990838,151141568,215.552,91.774,136721925,83.018,"AstraZeneca - Vaxzevria,Beijing CNBG - BBIBP-CorV,Gamaleya - Gam-Covid-Vac,Janssen - Ad26.COV 2-S,Moderna - Spikevax,Pfizer BioNTech - Comirnaty,SII - Covishield,Sinovac - CoronaVac",1/27/2021,8,67127345,40.76
Barbados,BRB,AMRO,REPORTING,2/10/2023,381633,163833,132.8,57.01,155010,53.94,"AstraZeneca - Vaxzevria,Beijing CNBG - BBIBP-CorV,Janssen - Ad26.COV 2-S,Pfizer BioNTech - Comirnaty,SII - Covishield",1/8/2021,5,62790,21.849
Belarus,BLR,EURO,REPORTING,1/29/2023,19047714,6528944,201.6,69.094,6410767,67.844,"Beijing CNBG - BBIBP-CorV,Chumakov - Covi-Vac,Gamaleya - Gam-Covid-Vac,Gamaleya - Sputnik-Light",2/3/2021,4,5609117,59.36
Belgium,BEL,EURO,REPORTING,2/5/2023,29107703,9253869,252.6,80.312,9157607,79.476,"AstraZeneca - Vaxzevria,Janssen - Ad26.COV 2-S,Moderna - Spikevax,Pfizer BioNTech - Comirnaty",12/30/2020,4,7242756,62.858
Belize,BLZ,AMRO,REPORTING,2/10/2023,502178,251903,126.293,63.351,221347,55.667,"AstraZeneca - Vaxzevria,Beijing CNBG - BBIBP-CorV,Janssen - Ad26.COV 2-S,Pfizer BioNTech - Comirnaty,SII - Covishield",3/1/2021,5,51248,12.888
Benin,BEN,AFRO,REPORTING,12/18/2022,4232541,3697190,34.913,30.497,2742837,22.625,"AstraZeneca - Vaxzevria,Janssen - Ad26.COV 2-S,Pfizer BioNTech - Comirnaty,SII - Covishield,Sinovac - CoronaVac",3/29/2021,5,,
Bermuda,BMU,AMRO,REPORTING,2/10/2023,132042,48554,212.037,77.97,47657,76.529,"AstraZeneca - Vaxzevria,Moderna - Spikevax,Pfizer BioNTech - Comirnaty",1/11/2021,3,31829,51.112
Bhutan,BTN,SEARO,REPORTING,10/30/2022,2011426,699116,260.68,90.605,677669,87.826,"AstraZeneca - Vaxzevria,Beijing CNBG - BBIBP-CorV,Moderna - Spikevax,Pfizer BioNTech - Comirnaty,SII - Covishield",3/27/2021,5,634641,82.249
Bolivia (Plurinational State of),BOL,AMRO,REPORTING,2/10/2023,15744383,7462681,134.878,63.931,6265361,53.674,"AstraZeneca - Vaxzevria,Beijing CNBG - BBIBP-CorV,Gamaleya - Gam-Covid-Vac,Janssen - Ad26.COV 2-S,Moderna - Spikevax,Pfizer BioNTech - Comirnaty,SII - Covishield",1/30/2021,7,2412943,20.671
Bonaire,XAA,AMRO,REPORTING,2/10/2023,43000,17460,205.594,83.481,16181,77.366,,,,8114,38.795
"Bonaire, Sint Eustatius and Saba",BES,AMRO,OWID,9/1/2021,35845,19109,137.934,73.533,16736,64.401,"Moderna - mRNA-1273, Pfizer BioNTech - Comirnaty",,2,,
Bosnia and Herzegovina,BIH,EURO,REPORTING,1/29/2022,1924950,943394,58.7,28.755,846080,25.789,"AstraZeneca - AZD1222, Pfizer BioNTech - Comirnaty, Sinovac - CoronaVac, Gamaleya - Sputnik V",,4,,
Botswana,BWA,AFRO,REPORTING,2/5/2023,3171667,1702713,134.871,72.406,1439323,61.205,"Bharat - Covaxin,Janssen - Ad26.COV 2-S,Moderna - Spikevax,Pfizer BioNTech - Comirnaty,SII - Covishield,Sinovac - CoronaVac",3/26/2021,6,503276,21.401
Brazil,BRA,AMRO,REPORTING,2/10/2023,502262440,186615476,236.293,87.794,169594017,79.787,"AstraZeneca - Vaxzevria,Janssen - Ad26.COV 2-S,Pfizer BioNTech - Comirnaty,SII - Covishield,Sinovac - CoronaVac",1/17/2021,5,109018786,51.289
British Virgin Islands,VGB,AMRO,REPORTING,2/10/2023,41453,19466,137.094,64.378,18261,60.393,"AstraZeneca - Vaxzevria,Janssen - Ad26.COV 2-S",2/11/2021,2,3726,12.323
Brunei Darussalam,BRN,WPRO,REPORTING,1/27/2023,1288317,450849,294.487,103.056,446431,102.046,"AstraZeneca - Vaxzevria,Beijing CNBG - BBIBP-CorV,Janssen - Ad26.COV 2-S,Moderna - Spikevax,Pfizer BioNTech - Comirnaty",4/3/2021,5,339864,77.687
Bulgaria,BGR,EURO,REPORTING,2/5/2023,4612386,2106404,66.4,30.302,2078061,29.894,"AstraZeneca - Vaxzevria,Janssen - Ad26.COV 2-S,Moderna - Spikevax,Pfizer BioNTech - Comirnaty",12/30/2020,4,830268,11.944
Burkina Faso,BFA,AFRO,REPORTING,11/27/2022,5117982,4366726,24.484,20.89,3335753,15.958,"Beijing CNBG - BBIBP-CorV,Janssen - Ad26.COV 2-S,SII - Covishield",6/2/2021,3,,
Burundi,BDI,AFRO,REPORTING,2/5/2023,33929,32416,0.285,0.273,31825,0.268,Beijing CNBG - BBIBP-CorV,10/18/2021,1,291,0.002
Cabo Verde,CPV,AFRO,REPORTING,9/25/2022,859940,356734,154.669,64.162,308720,55.526,"Beijing CNBG - BBIBP-CorV,Moderna - Spikevax,Pfizer BioNTech - Comirnaty,SII - Covishield",3/18/2021,4,749,0.135
Cambodia,KHM,WPRO,REPORTING,2/10/2023,46003730,15266991,275.159,91.315,14634370,87.532,"AstraZeneca - Vaxzevria,Beijing CNBG - BBIBP-CorV,Janssen - Ad26.COV 2-S,Moderna - Spikevax,Pfizer BioNTech - Comirnaty,SII - Covishield,Sinovac - CoronaVac",2/10/2021,7,10544066,63.066
Cameroon,CMR,AFRO,REPORTING,2/5/2023,4259154,3666816,16.045,13.813,3323604,12.52,"Beijing CNBG - BBIBP-CorV,Janssen - Ad26.COV 2-S,Pfizer BioNTech - Comirnaty,SII - Covishield",4/12/2021,4,485444,1.829
Canada,CAN,AMRO,REPORTING,2/10/2023,93390727,32640355,247.444,86.482,31286621,82.896,"AstraZeneca - Vaxzevria,Janssen - Ad26.COV 2-S,Moderna - Spikevax,Pfizer BioNTech - Comirnaty,SII - Covishield",12/14/2020,5,19719223,52.247
Cayman Islands,CYM,AMRO,REPORTING,2/10/2023,150816,61859,229.483,94.125,60589,92.193,Pfizer BioNTech - Comirnaty,1/15/2021,1,24064,36.616
Central African Republic,CAF,AFRO,REPORTING,1/22/2023,2535002,2292088,52.487,47.458,2176684,45.068,"Bharat - Covaxin,SII - Covishield",3/19/2021,2,214090,4.433
Chad,TCD,AFRO,REPORTING,2/5/2023,6367671,6228631,38.766,37.92,3625087,22.069,Beijing CNBG - BBIBP-CorV,6/4/2021,1,1939610,11.808
Chile,CHL,AMRO,REPORTING,2/10/2023,64599073,18088517,337.928,94.624,17700117,92.592,"AstraZeneca - Vaxzevria,CanSino - Convidecia,Moderna - Spikevax,Pfizer BioNTech - Comirnaty,Sinovac - CoronaVac",12/21/2020,5,15723241,82.251
China,CHN,WPRO,REPORTING,11/29/2022,3465113661,1307511577,235.516,88.869,1277356924,86.819,"Anhui ZL - Zifivax,Beijing CNBG - BBIBP-CorV,CanSino - Convidecia,IMB - Covidful,Pfizer BioNTech - Comirnaty,Shenzhen - LV-SMENP-DC,Sinovac - CoronaVac,Wuhan CNBG - Inactivated",7/22/2020,8,804850776,54.704
Colombia,COL,AMRO,REPORTING,2/10/2023,90210929,42959468,177.291,84.428,36948604,72.615,"AstraZeneca - Vaxzevria,Janssen - Ad26.COV 2-S,Moderna - Spikevax,Pfizer BioNTech - Comirnaty,Sinovac - CoronaVac",2/17/2021,5,14675916,28.843
Comoros,COM,AFRO,REPORTING,10/2/2022,835021,438825,96.023,50.463,397080,45.662,"Beijing CNBG - BBIBP-CorV,Bharat - Covaxin,SII - Covishield",4/10/2021,3,,
Congo,COG,AFRO,REPORTING,7/31/2022,833210,695760,15.1,12.609,654119,11.854,"Beijing CNBG - BBIBP-CorV,Gamaleya - Gam-Covid-Vac,Moderna - Spikevax,SII - Covishield",3/23/2021,4,,
Cook Islands,COK,WPRO,REPORTING,5/10/2022,39612,15020,225.529,85.516,14676,83.557,Pfizer BioNTech - Comirnaty,5/17/2021,1,9916,56.456
Costa Rica,CRI,AMRO,REPORTING,2/10/2023,12778229,4605172,250.843,90.402,4314443,84.695,"AstraZeneca - Vaxzevria,Moderna - Spikevax,Pfizer BioNTech - Comirnaty",12/24/2020,3,2832234,55.598
Côte d’Ivoire,CIV,AFRO,REPORTING,1/22/2023,24416782,13441295,92.564,50.956,12043609,45.657,"Beijing CNBG - BBIBP-CorV,Gamaleya - Gam-Covid-Vac,Janssen - Ad26.COV 2-S,Pfizer BioNTech - Comirnaty,SII - Covishield",3/1/2021,5,2577309,9.771
Croatia,HRV,EURO,REPORTING,10/23/2022,5357755,2317461,132,57.141,2244181,55.3,"AstraZeneca - Vaxzevria,Janssen - Ad26.COV 2-S,Moderna - Spikevax,Novavax-NUVAXOVID,Pfizer BioNTech - Comirnaty,Unknown Vaccine",12/23/2020,6,954875,23.53
Cuba,CUB,AMRO,REPORTING,2/10/2023,38012728,10725585,335.605,94.694,10007272,88.352,"CIGB - CIGB-66,Finlay - Soberana Plus,Finlay - Soberana-02",,3,8695158,76.767
Curaçao,CUW,AMRO,REPORTING,2/10/2023,260324,108601,158.644,66.183,100885,61.48,"AstraZeneca - Vaxzevria,Moderna - Spikevax,Pfizer BioNTech - Comirnaty",2/24/2021,3,43138,26.289
Cyprus,CYP,EURO,REPORTING,2/5/2023,1856599,668666,209.1,75.3,655954,73.868,"AstraZeneca - Vaxzevria,Janssen - Ad26.COV 2-S,Moderna - Spikevax,Novavax-NUVAXOVID,Pfizer BioNTech - Comirnaty",12/23/2020,5,487065,54.849
Czechia,CZE,EURO,REPORTING,2/5/2023,18602204,6971022,174,65.187,6886523,64.397,"AstraZeneca - Vaxzevria,Janssen - Ad26.COV 2-S,Moderna - Spikevax,Novavax-NUVAXOVID,Pfizer BioNTech - Comirnaty,Pfizer BioNTech - Comirnaty Bivalent Original/Omicron BA.1,Pfizer BioNTech - Comirnaty Bivalent Original/Omicron BA.4/BA.5",12/23/2020,7,4363043,40.799
Democratic Republic of the Congo,COD,AFRO,REPORTING,12/11/2022,9988117,9145982,11.152,10.212,6848697,7.647,SII - Covishield,4/19/2021,1,,
Denmark,DNK,EURO,REPORTING,2/5/2023,15114372,4796911,259.6,82.382,4783897,82.159,"AstraZeneca - Vaxzevria,Janssen - Ad26.COV 2-S,Moderna - Spikevax,Pfizer BioNTech - Comirnaty,Unknown Vaccine",12/16/2020,5,3667863,62.992
Djibouti,DJI,EMRO,REPORTING,2/12/2023,384617,363991,38.929,36.841,343626,34.78,"AstraZeneca - Vaxzevria,Beijing CNBG - BBIBP-CorV,Bharat - Covaxin,CanSino - Convidecia,Gamaleya - Gam-Covid-Vac,Gamaleya - Sputnik-Light,Janssen - Ad26.COV 2-S,Moderna - Spikevax,Pfizer BioNTech - Comirnaty,SII - Covishield,Sinovac - CoronaVac",3/15/2021,11,,
Dominica,DMA,AMRO,REPORTING,2/10/2023,67647,32995,93.966,45.832,30659,42.587,"AstraZeneca - Vaxzevria,Beijing CNBG - BBIBP-CorV,Moderna - Spikevax,Pfizer BioNTech - Comirnaty,SII - Covishield",2/12/2021,5,3993,5.547
Dominican Republic,DOM,AMRO,REPORTING,2/10/2023,15917363,7307585,146.732,67.364,6080061,56.048,"AstraZeneca - Vaxzevria,SII - Covishield,Sinovac - CoronaVac",2/16/2021,3,2529717,23.32
Ecuador,ECU,AMRO,REPORTING,2/10/2023,39465766,15327060,223.69,86.873,14230208,80.656,"AstraZeneca - Vaxzevria,CanSino - Convidecia,Pfizer BioNTech - Comirnaty,Sinovac - CoronaVac",1/20/2021,4,7698457,43.634
Egypt,EGY,EMRO,REPORTING,1/31/2023,102088497,54046147,99.76,52.813,40332573,39.413,"AstraZeneca - Vaxzevria,Beijing CNBG - BBIBP-CorV,Bharat - Covaxin,CanSino - Convidecia,Gamaleya - Gam-Covid-Vac,Gamaleya - Sputnik-Light,Janssen - Ad26.COV 2-S,Moderna - Spikevax,Pfizer BioNTech - Comirnaty,Sinovac - CoronaVac",1/24/2021,10,10576946,10.336
El Salvador,SLV,AMRO,REPORTING,2/10/2023,11379601,4648614,175.443,71.669,4386824,67.633,"AstraZeneca - Vaxzevria,Beijing CNBG - BBIBP-CorV,Moderna - Spikevax,Pfizer BioNTech - Comirnaty,SII - Covishield,Sinovac - CoronaVac",2/17/2021,6,1883121,29.033
Equatorial Guinea,GNQ,AFRO,REPORTING,7/24/2022,488738,270109,34.836,19.252,214032,15.255,"Beijing CNBG - BBIBP-CorV,Sinovac - CoronaVac",2/12/2021,2,4597,0.328
Eritrea,ERI,AFRO,REPORTING,7/3/2022,,0,,0,0,0,,,,,
Estonia,EST,EURO,REPORTING,2/5/2023,2194815,844825,165.2,63.57,835737,62.886,"AstraZeneca - Vaxzevria,Janssen - Ad26.COV 2-S,Moderna - Spikevax,Moderna – Spikevax Bivalent Original/Omicron BA.1,Novavax-NUVAXOVID,Pfizer BioNTech - Comirnaty,Pfizer BioNTech - Comirnaty Bivalent Original/Omicron BA.1,Pfizer BioNTech - Comirnaty Bivalent Original/Omicron BA.4/BA.5",12/23/2020,8,486584,36.613
Eswatini,SWZ,AFRO,REPORTING,2/5/2023,828421,507582,71.406,43.751,413251,35.62,"Janssen - Ad26.COV 2-S,Pfizer BioNTech - Comirnaty,SII - Covishield",3/19/2021,3,158034,13.622
Ethiopia,ETH,AFRO,REPORTING,1/22/2023,53514115,43791263,46.549,38.091,37337167,32.477,"Beijing CNBG - BBIBP-CorV,Bharat - Covaxin,Janssen - Ad26.COV 2-S,SII - Covishield",3/13/2021,4,2679887,2.331
Falkland Islands (Malvinas),FLK,AMRO,REPORTING,6/21/2022,9390,3220,269.595,92.449,2976,85.444,AstraZeneca - AZD1222,,1,2543,73.012
Faroe Islands,FRO,EURO,OWID,2/18/2022,103894,41715,212.614,85.368,40895,83.69,"Moderna - mRNA-1273, Pfizer BioNTech - Comirnaty",,2,21284,43.557
Fiji,FJI,WPRO,REPORTING,1/19/2023,1552115,711686,173.141,79.39,640712,71.473,"AstraZeneca - Vaxzevria,Moderna - Spikevax,SII - Covishield",3/7/2021,3,170632,19.034
Finland,FIN,EURO,REPORTING,2/5/2023,13233644,4546427,239.5,82.284,4363729,78.977,"AstraZeneca - Vaxzevria,Janssen - Ad26.COV 2-S,Moderna - Spikevax,Pfizer BioNTech - Comirnaty,Unknown Vaccine",12/23/2020,5,3084268,55.821
France,FRA,EURO,REPORTING,2/5/2023,157737439,54650869,234.3,81.18,53154487,78.958,"AstraZeneca - Vaxzevria,Janssen - Ad26.COV 2-S,Moderna - Spikevax,Novavax-NUVAXOVID,Pfizer BioNTech - Comirnaty,Unknown Vaccine",12/30/2020,6,40984221,60.88
French Guiana,GUF,AMRO,REPORTING,2/10/2023,240930,99898,80.664,33.446,90181,30.193,"Moderna - Spikevax,Pfizer BioNTech - Comirnaty",1/13/2021,2,46100,15.434
French Polynesia,PYF,WPRO,REPORTING,12/31/2022,450069,191936,160.219,68.327,163896,58.345,"Janssen - Ad26.COV 2-S,Pfizer BioNTech - Comirnaty",1/18/2021,2,81177,28.898
Gabon,GAB,AFRO,REPORTING,11/27/2022,572672,311040,25.73,13.975,257378,11.564,"Beijing CNBG - BBIBP-CorV,Gamaleya - Gam-Covid-Vac,Pfizer BioNTech - Comirnaty",3/23/2021,3,2589,0.116
Gambia,GMB,AFRO,REPORTING,1/22/2023,1444492,934799,59.772,38.681,454639,18.813,"Beijing CNBG - BBIBP-CorV,SII - Covishield",3/10/2021,2,31322,1.296
Georgia,GEO,EURO,REPORTING,1/15/2023,2731970,1297872,68.5,32.535,1184079,29.682,"AstraZeneca - Vaxzevria,Beijing CNBG - BBIBP-CorV,Pfizer BioNTech - Comirnaty,Sinovac - CoronaVac",3/17/2021,4,250019,6.267
Germany,DEU,EURO,REPORTING,2/5/2023,193082244,64860855,232.2,77.989,63556624,76.421,"AstraZeneca - Vaxzevria,Janssen - Ad26.COV 2-S,Moderna - Spikevax,Moderna – Spikevax Bivalent Original/Omicron  - Generic,Novavax-NUVAXOVID,Pfizer BioNTech - Comirnaty,Pfizer BioNTech - Comirnaty Bivalent Original/Omicron - Generic,Unknown Vaccine,Valneva - VLA2001",12/23/2020,9,52120807,62.67
Ghana,GHA,AFRO,REPORTING,1/15/2023,22384226,12853113,72.038,41.364,9806758,31.56,"Gamaleya - Gam-Covid-Vac,SII - Covishield",3/2/2021,2,3102301,9.984
Gibraltar,GIB,EURO,OWID,12/16/2022,132810,42175,394.2,125.182,41465,123.074,"AstraZeneca - AZD1222, Pfizer BioNTech - Comirnaty",,2,49170,145.944
Greece,GRC,EURO,REPORTING,2/5/2023,21971203,7914783,205,73.842,7742650,72.236,"AstraZeneca - Vaxzevria,Janssen - Ad26.COV 2-S,Moderna - Spikevax,Novavax-NUVAXOVID,Pfizer BioNTech - Comirnaty,Pfizer BioNTech - Comirnaty Bivalent Original/Omicron BA.1,Pfizer BioNTech - Comirnaty Bivalent Original/Omicron BA.4/BA.5",12/23/2020,7,5902134,55.065
Greenland,GRL,EURO,OWID,3/14/2022,79738,41227,140.453,72.619,38511,67.834,Moderna - mRNA-1273,,1,,
Grenada,GRD,AMRO,REPORTING,2/10/2023,90507,44180,80.434,39.263,38975,34.637,"AstraZeneca - Vaxzevria,Janssen - Ad26.COV 2-S,Moderna - Spikevax,Pfizer BioNTech - Comirnaty,SII - Covishield",2/15/2021,5,7352,6.534
Guadeloupe,GLP,AMRO,REPORTING,2/10/2023,398103,151648,99.495,37.9,145679,36.408,"AstraZeneca - Vaxzevria,Janssen - Ad26.COV 2-S,Moderna - Spikevax,Novavax-NUVAXOVID,Pfizer BioNTech - Comirnaty",1/8/2021,7,88633,22.151
Guam,GUM,WPRO,REPORTING,8/23/2022,368088,155225,218.094,91.972,141014,83.551,"Janssen - Ad26.COV 2-S,Moderna - Spikevax,Pfizer BioNTech - Comirnaty",1/4/2021,3,72131,42.738
Guatemala,GTM,AMRO,REPORTING,2/10/2023,20160469,8898028,112.53,49.666,7082462,39.532,"AstraZeneca - Vaxzevria,Gamaleya - Gam-Covid-Vac,Moderna - Spikevax,Pfizer BioNTech - Comirnaty,SII - Covishield",2/25/2021,5,3647335,20.358
Guernsey,GGY,EURO,OWID,12/19/2022,178525,54223,276.92,84.108,52710,81.761,"Moderna - mRNA-1273, AstraZeneca - AZD1222, Pfizer BioNTech - Comirnaty",,3,69339,107.556
Guinea,GIN,AFRO,REPORTING,12/4/2022,8749048,6087292,66.62,46.352,3293736,25.08,"Beijing CNBG - BBIBP-CorV,Gamaleya - Gam-Covid-Vac,Janssen - Ad26.COV 2-S,Pfizer BioNTech - Comirnaty,SII - Covishield,Sinovac - CoronaVac",3/5/2021,6,223977,1.705
Guinea-Bissau,GNB,AFRO,REPORTING,12/4/2022,673091,774740,34.202,39.367,426325,21.663,"Beijing CNBG - BBIBP-CorV,SII - Covishield",4/2/2021,2,906,0.046
Guyana,GUY,AMRO,REPORTING,2/10/2023,953690,493404,121.249,62.73,380118,48.327,"AstraZeneca - Vaxzevria,Beijing CNBG - BBIBP-CorV,Gamaleya - Gam-Covid-Vac,Janssen - Ad26.COV 2-S,Moderna - Spikevax,Pfizer BioNTech - Comirnaty,SII - Covishield",2/11/2021,7,75969,9.658
Haiti,HTI,AMRO,REPORTING,2/10/2023,515718,406534,4.523,3.565,238352,2.09,"Janssen - Ad26.COV 2-S,Moderna - Spikevax",,2,,
Honduras,HND,AMRO,REPORTING,2/10/2023,17101012,6495242,172.657,65.578,5792896,58.487,"AstraZeneca - Vaxzevria,Gamaleya - Gam-Covid-Vac,Janssen - Ad26.COV 2-S,Moderna - Spikevax,Pfizer BioNTech - Comirnaty,SII - Covishield",2/22/2021,6,4813249,48.596
Hungary,HUN,EURO,REPORTING,2/5/2023,16565935,6357908,169.6,65.079,6151206,62.963,"AstraZeneca - Vaxzevria,Beijing CNBG - BBIBP-CorV,Gamaleya - Gam-Covid-Vac,Janssen - Ad26.COV 2-S,Moderna - Spikevax,Pfizer BioNTech - Comirnaty,Pfizer BioNTech - Comirnaty Bivalent Original/Omicron BA.1,Sinovac - CoronaVac",12/23/2020,8,3868000,39.593
Iceland,ISL,EURO,REPORTING,1/29/2023,867250,307230,238.2,84.382,297880,81.805,"AstraZeneca - Vaxzevria,Janssen - Ad26.COV 2-S,Moderna - Spikevax,Novavax-NUVAXOVID,Pfizer BioNTech - Comirnaty",12/30/2020,5,254280,69.831
India,IND,SEARO,REPORTING,1/31/2023,2205113973,1025742707,159.79,74.329,951862244,68.975,"Bharat - Covaxin,Biological E - Corbevax,Gamaleya - Gam-Covid-Vac,Janssen - Ad26.COV 2-S,Moderna - Spikevax,SII - Covishield,SII - Covovax,Zydus - ZyCov-D",1/16/2021,8,227509022,16.486
Indonesia,IDN,SEARO,REPORTING,1/17/2023,444303130,203657535,162.437,74.457,172693321,63.137,"AstraZeneca - Vaxzevria,Beijing CNBG - BBIBP-CorV,Janssen - Ad26.COV 2-S,Moderna - Spikevax,Novavax-NUVAXOVID,Pfizer BioNTech - Comirnaty,Sinovac - CoronaVac",1/13/2021,7,67952274,24.843
Iran (Islamic Republic of),IRN,EMRO,REPORTING,1/29/2023,155011109,65150916,184.553,77.567,58536022,69.692,"AstraZeneca - Vaxzevria,Beijing CNBG - BBIBP-CorV,Bharat - Covaxin,CanSino - Convidecia,Finlay - Soberana-02,Gamaleya - Gam-Covid-Vac,Gamaleya - Sputnik-Light,Janssen - Ad26.COV 2-S,Moderna - Spikevax,Pfizer BioNTech - Comirnaty,Shifa - COVIran Barakat,Sinovac - CoronaVac",2/9/2021,12,31324171,37.294
Iraq,IRQ,EMRO,REPORTING,1/2/2023,19557364,11332925,48.623,28.176,7944775,19.752,"AstraZeneca - Vaxzevria,Beijing CNBG - BBIBP-CorV,Bharat - Covaxin,CanSino - Convidecia,Gamaleya - Gam-Covid-Vac,Gamaleya - Sputnik-Light,Janssen - Ad26.COV 2-S,Moderna - Spikevax,Pfizer BioNTech - Comirnaty,Sinovac - CoronaVac",3/2/2021,10,275280,0.684
Ireland,IRL,EURO,REPORTING,2/5/2023,12318986,4107182,248.1,85.368,4059696,81.776,"AstraZeneca - Vaxzevria,Janssen - Ad26.COV 2-S,Moderna - Spikevax,Novavax-NUVAXOVID,Pfizer BioNTech - Comirnaty",12/30/2020,5,3050560,61.448
Isle of Man,IMN,EURO,OWID,6/23/2022,189994,69560,223.438,81.804,67106,78.919,"Moderna - mRNA-1273, AstraZeneca - AZD1222, Pfizer BioNTech - Comirnaty",,3,53328,62.715
Israel,ISR,EURO,REPORTING,6/5/2022,15026951,7055466,173.6,81.514,6385731,73.776,"AstraZeneca - Vaxzevria,Moderna - Spikevax,Pfizer BioNTech - Comirnaty",12/16/2020,3,1585754,18.321
Italy,ITA,EURO,REPORTING,2/5/2023,150178254,50577707,251.8,84.807,49479846,82.962,"AstraZeneca - Vaxzevria,Janssen - Ad26.COV 2-S,Moderna - Spikevax,Moderna – Spikevax Bivalent Original/Omicron BA.1,Novavax-NUVAXOVID,Pfizer BioNTech - Comirnaty,Pfizer BioNTech - Comirnaty Bivalent Original/Omicron BA.1,Pfizer BioNTech - Comirnaty Bivalent Original/Omicron BA.4/BA.5",12/23/2020,8,44898698,75.281
Jamaica,JAM,AMRO,REPORTING,2/10/2023,1512562,847490,51.08,28.62,747570,25.246,"AstraZeneca - Vaxzevria,Beijing CNBG - BBIBP-CorV,Janssen - Ad26.COV 2-S,Pfizer BioNTech - Comirnaty,SII - Covishield",3/10/2021,5,45781,1.546
Japan,JPN,WPRO,REPORTING,1/6/2023,371971415,104548672,294.103,82.663,103144685,81.552,"AstraZeneca - Vaxzevria,Moderna - Spikevax,Novavax-NUVAXOVID,Pfizer BioNTech - Comirnaty",2/17/2021,4,85278522,67.426
Jersey,JEY,EURO,OWID,1/29/2023,266953,84365,247.646,78.264,81882,75.96,"Moderna - mRNA-1273, AstraZeneca - AZD1222, Pfizer BioNTech - Comirnaty",,3,73662,68.335
Jordan,JOR,EMRO,REPORTING,8/21/2022,10057975,4821579,98.577,47.256,4558313,44.676,"AstraZeneca - Vaxzevria,Beijing CNBG - BBIBP-CorV,Bharat - Covaxin,CanSino - Convidecia,Gamaleya - Gam-Covid-Vac,Gamaleya - Sputnik-Light,Janssen - Ad26.COV 2-S,Moderna - Spikevax,Pfizer BioNTech - Comirnaty,Sinovac - CoronaVac",1/13/2021,10,682211,6.686
Kazakhstan,KAZ,EURO,REPORTING,1/8/2023,33563811,12372484,178.8,65.893,13043696,69.467,"Beijing CNBG - BBIBP-CorV,Gamaleya - Gam-Covid-Vac,Pfizer BioNTech - Comirnaty,RIBSP - QazVac,Sinovac - CoronaVac",4/7/2021,5,6714315,35.759
Kenya,KEN,AFRO,REPORTING,2/5/2023,23311533,14300821,43.353,26.596,10931387,20.329,"Beijing CNBG - BBIBP-CorV,Janssen - Ad26.COV 2-S,Moderna - Spikevax,Pfizer BioNTech - Comirnaty,SII - Covishield",3/5/2021,5,1782416,3.315
Kiribati,KIR,WPRO,REPORTING,2/6/2023,219980,100900,184.162,84.471,81474,68.208,"AstraZeneca - Vaxzevria,Beijing CNBG - BBIBP-CorV",5/26/2021,2,37606,31.483
Kosovo,XKX,EURO,REPORTING,1/15/2023,1836901,904558,102.3,50.375,824752,45.93,"AstraZeneca - Vaxzevria,Pfizer BioNTech - Comirnaty",3/31/2021,2,105624,5.882
Kuwait,KWT,EMRO,REPORTING,2/14/2023,8258569,3456298,193.383,80.933,3344805,78.322,"AstraZeneca - Vaxzevria,Beijing CNBG - BBIBP-CorV,Bharat - Covaxin,CanSino - Convidecia,Gamaleya - Gam-Covid-Vac,Gamaleya - Sputnik-Light,Janssen - Ad26.COV 2-S,Moderna - Spikevax,Pfizer BioNTech - Comirnaty,Sinovac - CoronaVac",12/28/2020,10,1457466,34.128
Kyrgyzstan,KGZ,EURO,REPORTING,2/5/2023,3076723,1494334,47.2,22.905,1318588,20.211,"AstraZeneca - Vaxzevria,Beijing CNBG - BBIBP-CorV,Gamaleya - Gam-Covid-Vac,Moderna - Spikevax,Pfizer BioNTech - Comirnaty,RIBSP - QazVac",3/31/2021,6,263801,4.043
Lao People's Democratic Republic,LAO,WPRO,REPORTING,1/19/2023,15053397,6290492,206.904,86.461,5648517,77.637,"AstraZeneca - Vaxzevria,Beijing CNBG - BBIBP-CorV,Gamaleya - Gam-Covid-Vac,Gamaleya - Sputnik-Light,Janssen - Ad26.COV 2-S,Pfizer BioNTech - Comirnaty,SII - Covishield,Sinovac - CoronaVac",11/25/2020,8,2359576,32.432
Latvia,LVA,EURO,REPORTING,2/5/2023,2975895,1344069,156,70.456,1304447,68.379,"AstraZeneca - Vaxzevria,Janssen - Ad26.COV 2-S,Moderna - Spikevax,Novavax-NUVAXOVID,Pfizer BioNTech - Comirnaty",12/30/2020,5,549914,28.826
Lebanon,LBN,EMRO,REPORTING,12/22/2022,5814699,2740227,85.192,40.147,2414223,35.371,"AstraZeneca - Vaxzevria,Beijing CNBG - BBIBP-CorV,Bharat - Covaxin,CanSino - Convidecia,Gamaleya - Gam-Covid-Vac,Gamaleya - Sputnik-Light,Janssen - Ad26.COV 2-S,Moderna - Spikevax,Pfizer BioNTech - Comirnaty,Sinovac - CoronaVac",2/14/2021,10,660249,9.673
Lesotho,LSO,AFRO,REPORTING,2/5/2023,1309497,1004973,61.127,46.912,930337,43.428,"Beijing CNBG - BBIBP-CorV,Janssen - Ad26.COV 2-S,SII - Covishield",3/10/2021,3,161806,7.553
Liberia,LBR,AFRO,REPORTING,12/11/2022,4460668,3903802,88.196,77.186,3730967,73.768,SII - Covishield,4/1/2021,1,1987,0.039
Libya,LBY,EMRO,REPORTING,1/16/2023,3739158,2316327,54.417,33.71,1236102,17.989,"AstraZeneca - Vaxzevria,Beijing CNBG - BBIBP-CorV,Bharat - Covaxin,CanSino - Convidecia,Gamaleya - Gam-Covid-Vac,Gamaleya - Sputnik-Light,Janssen - Ad26.COV 2-S,Moderna - Spikevax,Pfizer BioNTech - Comirnaty,Sinovac - CoronaVac",4/11/2021,10,186729,2.718
Liechtenstein,LIE,OTHER,REPORTING,4/10/2022,71104,26681,183.5,68.86,26346,67.995,"Janssen - Ad26.COV 2-S,Moderna - Spikevax,Pfizer BioNTech - Comirnaty",1/6/2021,3,18310,47.255
Lithuania,LTU,EURO,REPORTING,2/5/2023,4529963,1956039,162.1,70.16,1906557,68.235,"AstraZeneca - Vaxzevria,Janssen - Ad26.COV 2-S,Moderna - Spikevax,Pfizer BioNTech - Comirnaty,Unknown Vaccine",12/23/2020,5,901618,32.269
Luxembourg,LUX,EURO,REPORTING,2/5/2023,1336688,469234,213.5,74.945,462629,73.89,"AstraZeneca - Vaxzevria,Janssen - Ad26.COV 2-S,Moderna - Spikevax,Moderna – Spikevax Bivalent Original/Omicron BA.1,Novavax-NUVAXOVID,Pfizer BioNTech - Comirnaty,Pfizer BioNTech - Comirnaty Bivalent Original/Omicron BA.1,Pfizer BioNTech - Comirnaty Bivalent Original/Omicron BA.4/BA.5",12/30/2020,8,368315,58.826
Madagascar,MDG,AFRO,REPORTING,2/5/2023,2575889,2243029,9.302,8.1,2166840,7.825,"Beijing CNBG - BBIBP-CorV,Janssen - Ad26.COV 2-S,SII - Covishield",5/10/2021,3,120325,0.435
Malawi,MWI,AFRO,REPORTING,1/22/2023,6919257,4950288,36.17,25.877,3945109,20.623,"Janssen - Ad26.COV 2-S,SII - Covishield",3/11/2021,2,1832738,9.58
Malaysia,MYS,WPRO,REPORTING,1/22/2023,72498692,28125196,223.996,86.897,27536594,85.079,"AstraZeneca - Vaxzevria,Beijing CNBG - BBIBP-CorV,CanSino - Convidecia,Gamaleya - Gam-Covid-Vac,Janssen - Ad26.COV 2-S,Moderna - Spikevax,Pfizer BioNTech - Comirnaty,Sinovac - CoronaVac",2/24/2021,8,16296842,50.352
Maldives,MDV,SEARO,REPORTING,2/12/2023,951511,399225,176.028,73.856,385099,71.243,"AstraZeneca - Vaxzevria,Beijing CNBG - BBIBP-CorV,Gamaleya - Gam-Covid-Vac,Janssen - Ad26.COV 2-S,Moderna - Spikevax,Pfizer BioNTech - Comirnaty,SII - Covishield,Sinovac - CoronaVac",2/1/2021,8,167187,30.929
Mali,MLI,AFRO,REPORTING,1/29/2023,4754851,3518336,23.48,17.374,2876246,14.203,SII - Covishield,3/31/2021,1,,
Malta,MLT,EURO,REPORTING,2/5/2023,1279922,450505,248.7,87.551,444882,86.458,"AstraZeneca - Vaxzevria,Janssen - Ad26.COV 2-S,Moderna - Spikevax,Pfizer BioNTech - Comirnaty",12/23/2020,4,352543,68.513
Marshall Islands,MHL,WPRO,REPORTING,12/28/2022,85198,45627,143.93,77.08,39571,66.85,"Janssen - Ad26.COV 2-S,Moderna - Spikevax,Pfizer BioNTech - Comirnaty",12/29/2020,3,18559,31.353
Martinique,MTQ,AMRO,REPORTING,2/10/2023,400507,150563,106.726,40.122,145300,38.719,Pfizer BioNTech - Comirnaty,,1,92694,24.701
Mauritania,MRT,AFRO,REPORTING,2/5/2023,4066473,2099908,87.457,45.163,1537648,33.07,"Beijing CNBG - BBIBP-CorV,SII - Covishield",3/26/2021,2,382966,8.236
Mauritius,MUS,AFRO,REPORTING,2/5/2023,2613825,1123773,205.527,88.363,1088142,85.561,"Beijing CNBG - BBIBP-CorV,Bharat - Covaxin,SII - Covishield",1/26/2021,3,639811,50.309
Mexico,MEX,AMRO,REPORTING,2/10/2023,225063079,99071001,174.558,76.839,81849962,63.483,"AstraZeneca - Vaxzevria,CanSino - Convidecia,CIGB - CIGB-66,Gamaleya - Gam-Covid-Vac,Janssen - Ad26.COV 2-S,Moderna - Spikevax,Pfizer BioNTech - Comirnaty,Sinovac - CoronaVac",12/24/2020,8,57026630,44.23
Micronesia (Federated States of),FSM,WPRO,REPORTING,8/20/2022,170346,70204,148.097,61.035,66174,57.531,"AstraZeneca - Vaxzevria,Janssen - Ad26.COV 2-S,Moderna - Spikevax,Pfizer BioNTech - Comirnaty",1/13/2021,4,30537,26.549
Monaco,MCO,EURO,REPORTING,12/4/2022,71027,25319,181,64.517,24933,63.533,"AstraZeneca - Vaxzevria,Janssen - Ad26.COV 2-S,Moderna - Spikevax,Novavax - Covavax,Novavax-NUVAXOVID,Pfizer BioNTech - Comirnaty,Unknown Vaccine",6/30/2021,7,17806,45.373
Mongolia,MNG,WPRO,REPORTING,2/3/2023,5667281,2283906,172.873,69.668,2185119,66.654,"AstraZeneca - Vaxzevria,Beijing CNBG - BBIBP-CorV,Gamaleya - Gam-Covid-Vac,Moderna - Spikevax,Pfizer BioNTech - Comirnaty,SII - Covishield",2/23/2021,6,1058393,32.285
Montenegro,MNE,EURO,REPORTING,12/4/2022,523735,272152,83.4,43.763,251583,40.456,"AstraZeneca - Vaxzevria,Beijing CNBG - BBIBP-CorV,Gamaleya - Gam-Covid-Vac,Pfizer BioNTech - Comirnaty,Unknown Vaccine",2/24/2021,5,0,0
Montserrat,MSR,AMRO,REPORTING,2/10/2023,4619,2104,92.398,42.088,1952,39.048,AstraZeneca - Vaxzevria,2/8/2021,1,563,11.262
Morocco,MAR,EMRO,REPORTING,2/14/2023,55379860,25018493,150.038,67.781,23519859,63.721,"AstraZeneca - Vaxzevria,Beijing CNBG - BBIBP-CorV,Bharat - Covaxin,CanSino - Convidecia,Gamaleya - Gam-Covid-Vac,Gamaleya - Sputnik-Light,Janssen - Ad26.COV 2-S,Moderna - Spikevax,Pfizer BioNTech - Comirnaty,Sinovac - CoronaVac",1/28/2021,10,6878994,18.637
Mozambique,MOZ,AFRO,REPORTING,1/29/2023,29457535,18641485,94.248,59.642,18466955,59.084,"Beijing CNBG - BBIBP-CorV,Janssen - Ad26.COV 2-S,SII - Covishield",3/8/2021,3,1083523,3.467
Myanmar,MMR,SEARO,REPORTING,6/18/2022,64549994,34777314,118.637,63.917,27545329,50.626,"Beijing CNBG - BBIBP-CorV,SII - Covishield",1/27/2021,2,2227351,4.094
Namibia,NAM,AFRO,REPORTING,1/29/2023,978339,606899,38.504,23.885,530067,20.861,"Beijing CNBG - BBIBP-CorV,Janssen - Ad26.COV 2-S,Pfizer BioNTech - Comirnaty,SII - Covishield",3/19/2021,4,105989,4.171
Nauru,NRU,WPRO,REPORTING,11/17/2022,31128,12077,287.318,111.473,11346,104.726,"AstraZeneca - Vaxzevria,SII - Covishield",4/9/2021,2,7705,71.119
Nepal,NPL,SEARO,REPORTING,2/14/2023,60976433,27718158,209.276,95.131,24232876,83.169,"AstraZeneca - Vaxzevria,Beijing CNBG - BBIBP-CorV,Bharat - Covaxin,Gamaleya - Gam-Covid-Vac,Janssen - Ad26.COV 2-S,Moderna - Spikevax,Pfizer BioNTech - Comirnaty,SII - Covishield",1/27/2021,8,9025399,30.976
Netherlands,NLD,EURO,REPORTING,9/11/2022,36105753,12776868,207.4,73.398,11957152,68.689,"AstraZeneca - Vaxzevria,Janssen - Ad26.COV 2-S,Moderna - Spikevax,Novavax-NUVAXOVID,Pfizer BioNTech - Comirnaty,Unknown Vaccine",1/6/2021,6,9417108,54.098
New Caledonia,NCL,WPRO,REPORTING,1/3/2023,478127,192206,167.471,67.323,184645,64.675,"Janssen - Ad26.COV 2-S,Pfizer BioNTech - Comirnaty",1/20/2021,2,101276,35.473
New Zealand,NZL,WPRO,REPORTING,2/10/2023,11981046,4246712,248.454,88.065,4089128,84.797,"AstraZeneca - Vaxzevria,Janssen - Ad26.COV 2-S,Novavax-NUVAXOVID,Pfizer BioNTech - Comirnaty",2/19/2021,4,2717677,56.357
Nicaragua,NIC,AMRO,REPORTING,2/10/2023,12228537,6216083,184.594,93.834,6012454,90.76,"AstraZeneca - Vaxzevria,CIGB - CIGB-66,Finlay - Soberana Plus,Finlay - Soberana-02,Gamaleya - Gam-Covid-Vac,Gamaleya - Sputnik-Light,Janssen - Ad26.COV 2-S,Pfizer BioNTech - Comirnaty,SII - Covishield",3/3/2021,9,,
Niger,NER,AFRO,REPORTING,1/29/2023,7241942,6124474,29.917,25.301,5360404,22.144,"Beijing CNBG - BBIBP-CorV,SII - Covishield",3/29/2021,2,,
Nigeria,NGA,AFRO,REPORTING,2/5/2023,111985403,79248347,54.325,38.444,66717081,32.365,SII - Covishield,3/5/2021,1,10859974,5.268
Niue,NIU,WPRO,REPORTING,10/18/2022,4920,1636,304.079,101.112,1634,100.989,Pfizer BioNTech - Comirnaty,6/8/2021,1,1224,75.649
North Macedonia,MKD,EURO,REPORTING,1/8/2023,1862732,854479,89.4,41.155,838085,40.365,"AstraZeneca - Vaxzevria,Beijing CNBG - BBIBP-CorV,Gamaleya - Gam-Covid-Vac,Moderna - Spikevax,Pfizer BioNTech - Comirnaty,Sinovac - CoronaVac,Wuhan CNBG - Inactivated",2/17/2021,7,161593,7.783
Northern Mariana Islands (Commonwealth of the),MNP,WPRO,REPORTING,11/4/2022,116159,46466,201.816,80.73,45012,78.204,"Janssen - Ad26.COV 2-S,Moderna - Spikevax,Pfizer BioNTech - Comirnaty",12/19/2020,3,24235,42.106
Norway,NOR,EURO,REPORTING,2/5/2023,12309228,4346314,229.3,80.973,4061198,75.662,"AstraZeneca - Vaxzevria,Janssen - Ad26.COV 2-S,Moderna - Spikevax,Pfizer BioNTech - Comirnaty",12/23/2020,4,3016667,56.202
occupied Palestinian territory,PSE,EMRO,REPORTING,10/18/2022,3748571,2012767,73.481,39.455,1776973,34.833,"AstraZeneca - Vaxzevria,Beijing CNBG - BBIBP-CorV,Bharat - Covaxin,CanSino - Convidecia,Gamaleya - Gam-Covid-Vac,Gamaleya - Sputnik-Light,Janssen - Ad26.COV 2-S,Moderna - Spikevax,Pfizer BioNTech - Comirnaty,Sinovac - CoronaVac",2/2/2021,10,336967,6.605
Oman,OMN,EMRO,REPORTING,10/25/2022,7086050,3257365,138.762,63.787,3048826,59.703,"AstraZeneca - Vaxzevria,Beijing CNBG - BBIBP-CorV,Bharat - Covaxin,CanSino - Convidecia,Gamaleya - Gam-Covid-Vac,Gamaleya - Sputnik-Light,Janssen - Ad26.COV 2-S,Moderna - Spikevax,Pfizer BioNTech - Comirnaty,SII - Covishield,Sinovac - CoronaVac",12/29/2020,11,779859,15.272
Pakistan,PAK,EMRO,REPORTING,1/31/2023,333510412,162218112,150.983,73.438,139227429,63.03,"AstraZeneca - Vaxzevria,Beijing CNBG - BBIBP-CorV,Bharat - Covaxin,CanSino - Convidecia,Gamaleya - Gam-Covid-Vac,Gamaleya - Sputnik-Light,Janssen - Ad26.COV 2-S,Moderna - Spikevax,Pfizer BioNTech - Comirnaty,SII - Covishield,Sinovac - CoronaVac",2/3/2021,11,49962657,22.619
Palau,PLW,WPRO,REPORTING,11/21/2022,53177,20100,293.925,111.099,18285,101.067,"Janssen - Ad26.COV 2-S,Moderna - Spikevax,Pfizer BioNTech - Comirnaty",1/3/2021,3,12866,71.114
Panama,PAN,AMRO,REPORTING,2/10/2023,8756680,3526529,202.947,81.732,3168992,73.445,"AstraZeneca - Vaxzevria,Pfizer BioNTech - Comirnaty",1/20/2021,2,1765117,40.909
Papua New Guinea,PNG,WPRO,REPORTING,2/5/2023,512387,372646,5.727,4.165,312188,3.489,"AstraZeneca - Vaxzevria,Beijing CNBG - BBIBP-CorV,Janssen - Ad26.COV 2-S,SII - Covishield",3/30/2021,4,32902,0.368
Paraguay,PRY,AMRO,REPORTING,2/10/2023,9568675,3985466,134.155,55.877,3541521,49.653,"AstraZeneca - Vaxzevria,Beijing CNBG - BBIBP-CorV,Bharat - Covaxin,Gamaleya - Gam-Covid-Vac,Julphar - Hayat-Vax,Moderna - Spikevax,Pfizer BioNTech - Comirnaty,Sinovac - CoronaVac",2/22/2021,8,1661358,23.293
Peru,PER,AMRO,REPORTING,2/10/2023,87438452,30248547,265.191,91.741,28482025,86.383,"AstraZeneca - Vaxzevria,Beijing CNBG - BBIBP-CorV,Moderna - Spikevax,Pfizer BioNTech - Comirnaty",2/9/2021,4,21883549,66.37
Philippines,PHL,WPRO,REPORTING,2/9/2023,170366733,78444264,155.471,71.586,74009826,67.539,"AstraZeneca - Vaxzevria,Beijing CNBG - BBIBP-CorV,Bharat - Covaxin,Gamaleya - Gam-Covid-Vac,Gamaleya - Sputnik-Light,Janssen - Ad26.COV 2-S,Julphar - Hayat-Vax,Moderna - Spikevax,Novavax-NUVAXOVID,Pfizer BioNTech - Comirnaty,Sinovac - CoronaVac",3/1/2021,11,21589980,19.702
Pitcairn Islands,PCN,WPRO,REPORTING,2/28/2022,138,55,276,110,37,74,AstraZeneca - Vaxzevria,5/17/2021,1,23,46
Poland,POL,EURO,REPORTING,2/5/2023,58053683,22948930,152.9,60.459,22673397,59.733,"AstraZeneca - Vaxzevria,Janssen - Ad26.COV 2-S,Moderna - Spikevax,Novavax-NUVAXOVID,Pfizer BioNTech - Comirnaty",12/23/2020,5,12495941,32.92
Portugal,PRT,EURO,REPORTING,2/5/2023,27685253,9779268,268.9,95.134,8893419,86.378,"AstraZeneca - Vaxzevria,Beijing CNBG - BBIBP-CorV,Bharat - Covaxin,Janssen - Ad26.COV 2-S,Moderna - Spikevax,Moderna – Spikevax Bivalent Original/Omicron BA.1,Novavax-NUVAXOVID,Pfizer BioNTech - Comirnaty,Pfizer BioNTech - Comirnaty Bivalent Original/Omicron BA.1,Pfizer BioNTech - Comirnaty Bivalent Original/Omicron BA.4/BA.5,Sinovac - CoronaVac",12/23/2020,11,7042682,68.403
Puerto Rico,PRI,AMRO,REPORTING,2/10/2023,7791994,2901878,272.366,101.434,2683965,93.817,"Janssen - Ad26.COV 2-S,Moderna - Spikevax,Novavax-NUVAXOVID,Pfizer BioNTech - Comirnaty",,4,1799536,62.902
Qatar,QAT,EMRO,REPORTING,2/14/2023,7606485,2851529,264.018,98.975,2851528,98.975,"AstraZeneca - Vaxzevria,Beijing CNBG - BBIBP-CorV,Bharat - Covaxin,CanSino - Convidecia,Gamaleya - Gam-Covid-Vac,Gamaleya - Sputnik-Light,Janssen - Ad26.COV 2-S,Moderna - Spikevax,Pfizer BioNTech - Comirnaty,Sinovac - CoronaVac",,10,1903428,66.067
Republic of Korea,KOR,WPRO,REPORTING,1/10/2023,136127066,44867343,265.514,87.513,44448097,86.696,"AstraZeneca - Vaxzevria,Janssen - Ad26.COV 2-S,Moderna - Spikevax,Novavax-NUVAXOVID,Pfizer BioNTech - Comirnaty",2/26/2021,5,33646923,65.628
Republic of Moldova,MDA,EURO,REPORTING,2/5/2023,2278699,1106705,56.5,27.435,1075874,26.67,"AstraZeneca - Vaxzevria,Beijing CNBG - BBIBP-CorV,Gamaleya - Gam-Covid-Vac,Janssen - Ad26.COV 2-S,Moderna - Spikevax,Pfizer BioNTech - Comirnaty,Sinovac - CoronaVac",3/3/2021,7,397541,9.855
Romania,ROU,EURO,REPORTING,2/5/2023,16104824,8186546,83.3,42.354,8140616,42.116,"AstraZeneca - Vaxzevria,Janssen - Ad26.COV 2-S,Moderna - Spikevax,Pfizer BioNTech - Comirnaty",1/27/2021,4,1767276,9.143
Russian Federation,RUS,EURO,OWID,2/6/2023,184547820,87965577,126.5,60.277,79118841,54.215,"SRCVB - EpiVacCorona, Gamaleya - Sputnik V",,2,,
Rwanda,RWA,AFRO,REPORTING,1/1/2023,26106436,10572981,201.56,81.631,9897876,76.418,"Beijing CNBG - BBIBP-CorV,Gamaleya - Gam-Covid-Vac,Janssen - Ad26.COV 2-S,Moderna - Spikevax,Pfizer BioNTech - Comirnaty,SII - Covishield,Sinovac - CoronaVac",3/5/2021,7,5879013,45.39
Saba,XCA,AMRO,REPORTING,2/10/2023,4961,1687,256.648,87.274,1667,86.239,,,,1169,60.476
"Saint Helena, Ascension and Tristan da Cunha",SHN,AFRO,OWID,5/5/2021,7892,4361,129.995,71.833,3531,58.162,AstraZeneca - AZD1222,,1,,
Saint Kitts and Nevis,KNA,AMRO,REPORTING,2/10/2023,64297,33794,120.877,63.532,27000,50.76,"AstraZeneca - Vaxzevria,Pfizer BioNTech - Comirnaty,SII - Covishield",2/22/2021,3,3465,6.514
Saint Lucia,LCA,AMRO,REPORTING,2/10/2023,122977,60140,66.971,32.751,54971,29.936,"AstraZeneca - Vaxzevria,Janssen - Ad26.COV 2-S,Moderna - Spikevax,Pfizer BioNTech - Comirnaty,SII - Covishield",2/17/2021,5,7866,4.284
Saint Vincent and the Grenadines,VCT,AMRO,REPORTING,2/10/2023,73374,37502,66.138,33.804,31610,28.493,"AstraZeneca - Vaxzevria,Gamaleya - Gam-Covid-Vac,Gamaleya - Sputnik-Light,Pfizer BioNTech - Comirnaty,SII - Covishield",2/1/2021,5,4262,3.842
Samoa,WSM,WPRO,REPORTING,12/9/2022,449369,191162,226.48,96.345,177714,89.567,"AstraZeneca - Vaxzevria,Pfizer BioNTech - Comirnaty",4/18/2021,2,79313,39.973
San Marino,SMR,EURO,REPORTING,5/22/2022,69338,26357,204.3,76.501,23633,68.595,"Gamaleya - Gam-Covid-Vac,Pfizer BioNTech - Comirnaty",2/24/2021,2,19348,56.158
Sao Tome and Principe,STP,AFRO,REPORTING,12/25/2022,228291,127564,104.167,58.206,103963,47.437,"AstraZeneca - Vaxzevria,SII - Covishield",3/15/2021,2,33180,15.14
Saudi Arabia,SAU,EMRO,REPORTING,12/4/2022,68148406,26951666,195.751,77.416,25351683,72.821,"AstraZeneca - Vaxzevria,Beijing CNBG - BBIBP-CorV,Bharat - Covaxin,CanSino - Convidecia,Gamaleya - Gam-Covid-Vac,Gamaleya - Sputnik-Light,Janssen - Ad26.COV 2-S,Moderna - Spikevax,Pfizer BioNTech - Comirnaty,Sinovac - CoronaVac",1/6/2021,10,15845057,45.514
Senegal,SEN,AFRO,REPORTING,2/5/2023,2924037,2169105,17.463,12.955,1431298,8.548,"Beijing CNBG - BBIBP-CorV,Janssen - Ad26.COV 2-S,SII - Covishield",2/23/2021,3,726400,4.338
Serbia,SRB,EURO,REPORTING,11/20/2022,6719835,3396720,97,49.038,3323115,47.975,"AstraZeneca - Vaxzevria,Beijing CNBG - BBIBP-CorV,Gamaleya - Gam-Covid-Vac,Moderna - Spikevax,Pfizer BioNTech - Comirnaty",12/23/2020,5,0,0
Seychelles,SYC,AFRO,REPORTING,1/29/2023,220018,85825,223.716,87.268,81732,83.106,"Beijing CNBG - BBIBP-CorV,Gamaleya - Gam-Covid-Vac,Julphar - Hayat-Vax,SII - Covishield",1/10/2021,4,44936,45.691
Sierra Leone,SLE,AFRO,REPORTING,2/5/2023,6553078,4569641,82.15,57.285,3702873,46.419,"Beijing CNBG - BBIBP-CorV,SII - Covishield",3/15/2021,2,435021,5.453
Singapore,SGP,WPRO,REPORTING,1/3/2023,14875986,5160943,254.275,88.216,5119159,87.502,"AstraZeneca - Vaxzevria,Beijing CNBG - BBIBP-CorV,Moderna - Spikevax,Pfizer BioNTech - Comirnaty",12/30/2020,4,4595884,78.558
Sint Eustatius,XBA,AMRO,REPORTING,2/10/2023,4318,1791,137.56,57.056,1686,53.711,,,,767,24.435
Sint Maarten,SXM,AMRO,REPORTING,2/10/2023,67068,29788,156.401,69.465,26749,62.378,"AstraZeneca - Vaxzevria,Moderna - Spikevax,Pfizer BioNTech - Comirnaty",2/22/2021,3,9131,21.293
Slovakia,SVK,EURO,REPORTING,2/5/2023,7219030,2839160,132.3,52.02,2790858,51.135,"AstraZeneca - Vaxzevria,Gamaleya - Gam-Covid-Vac,Janssen - Ad26.COV 2-S,Moderna - Spikevax,Novavax-NUVAXOVID,Pfizer BioNTech - Comirnaty,Unknown Vaccine",12/23/2020,7,1685878,30.889
Slovenia,SVN,EURO,REPORTING,2/5/2023,3021521,1227875,144.2,58.586,1197479,57.135,"AstraZeneca - Vaxzevria,Janssen - Ad26.COV 2-S,Moderna - Spikevax,Novavax-NUVAXOVID,Pfizer BioNTech - Comirnaty,Unknown Vaccine",12/23/2020,6,653791,31.194
Solomon Islands,SLB,WPRO,REPORTING,1/30/2023,766518,328182,111.594,47.778,237917,34.637,"AstraZeneca - Vaxzevria,Beijing CNBG - BBIBP-CorV,Pfizer BioNTech - Comirnaty,SII - Covishield",3/23/2021,4,23623,3.439
Somalia,SOM,EMRO,REPORTING,1/2/2023,8726329,7729842,54.906,48.636,6529808,41.085,"AstraZeneca - Vaxzevria,Beijing CNBG - BBIBP-CorV,Bharat - Covaxin,CanSino - Convidecia,Gamaleya - Gam-Covid-Vac,Gamaleya - Sputnik-Light,Janssen - Ad26.COV 2-S,Moderna - Spikevax,Pfizer BioNTech - Comirnaty,SII - Covishield,Sinovac - CoronaVac",3/16/2021,11,,
South Africa,ZAF,AFRO,REPORTING,12/25/2022,38050611,23970891,64.157,40.417,21038797,35.473,"Janssen - Ad26.COV 2-S,Pfizer BioNTech - Comirnaty",2/17/2021,2,3877516,6.538
South Sudan,SSD,AFRO,REPORTING,1/29/2023,2345851,2295561,20.957,20.508,2253582,20.133,"Janssen - Ad26.COV 2-S,SII - Covishield",4/6/2021,2,,
Spain,ESP,EURO,REPORTING,2/5/2023,112304453,41316806,237.3,87.29,37475580,79.175,"AstraZeneca - Vaxzevria,Janssen - Ad26.COV 2-S,Moderna - Spikevax,Pfizer BioNTech - Comirnaty",12/30/2020,4,26496555,55.979
Sri Lanka,LKA,SEARO,REPORTING,10/30/2022,40116590,17143761,187.345,80.061,14752827,68.896,"AstraZeneca - Vaxzevria,Beijing CNBG - BBIBP-CorV,Gamaleya - Gam-Covid-Vac,Moderna - Spikevax,Pfizer BioNTech - Comirnaty,SII - Covishield",1/29/2021,6,8220002,38.387
Sudan,SDN,EMRO,REPORTING,2/5/2023,16815648,11762534,38.349,26.825,9678116,22.071,"AstraZeneca - Vaxzevria,Beijing CNBG - BBIBP-CorV,Bharat - Covaxin,CanSino - Convidecia,Gamaleya - Gam-Covid-Vac,Gamaleya - Sputnik-Light,Janssen - Ad26.COV 2-S,Moderna - Spikevax,Pfizer BioNTech - Comirnaty,SII - Covishield,Sinovac - CoronaVac",3/9/2021,11,2221312,5.066
Suriname,SUR,AMRO,REPORTING,2/10/2023,554588,267820,94.538,45.654,237879,40.55,"AstraZeneca - Vaxzevria,Beijing CNBG - BBIBP-CorV,Moderna - Spikevax,Pfizer BioNTech - Comirnaty,SII - Covishield",2/23/2021,5,48889,8.334
Sweden,SWE,EURO,REPORTING,2/5/2023,23340793,7511960,226,72.737,7374040,71.401,"AstraZeneca - Vaxzevria,Moderna - Spikevax,Novavax-NUVAXOVID,Pfizer BioNTech - Comirnaty,Unknown Vaccine",12/23/2020,5,5574294,53.975
Switzerland,CHE,EURO,REPORTING,2/5/2023,16734587,6095608,193.4,70.829,5721588,66.483,"Janssen - Ad26.COV 2-S,Moderna - Spikevax,Moderna – Spikevax Bivalent Original/Omicron BA.1,Novavax-NUVAXOVID,Pfizer BioNTech - Comirnaty,Pfizer BioNTech - Comirnaty Bivalent Original/Omicron BA.1",12/23/2020,6,4977516,57.838
Syrian Arab Republic,SYR,EMRO,REPORTING,1/16/2023,4971203,3209797,28.406,18.341,2257085,12.897,"AstraZeneca - Vaxzevria,Beijing CNBG - BBIBP-CorV,Bharat - Covaxin,CanSino - Convidecia,Gamaleya - Gam-Covid-Vac,Gamaleya - Sputnik-Light,Janssen - Ad26.COV 2-S,Moderna - Spikevax,Pfizer BioNTech - Comirnaty,SII - Covishield,Sinovac - CoronaVac",4/1/2021,11,75881,0.434
Tajikistan,TJK,EURO,REPORTING,12/4/2022,18871161,5311967,197.9,55.695,5170582,54.212,"AstraZeneca - Vaxzevria,Gamaleya - Gam-Covid-Vac,Moderna - Spikevax,Pfizer BioNTech - Comirnaty,SII - Covishield,Sinovac - CoronaVac",3/24/2021,6,5200841,54.53
Thailand,THA,SEARO,REPORTING,2/10/2023,138977890,57587991,199.109,82.504,54110020,77.522,"AstraZeneca - Vaxzevria,Beijing CNBG - BBIBP-CorV,Janssen - Ad26.COV 2-S,Moderna - Spikevax,Pfizer BioNTech - Comirnaty,SII - Covishield,SII - Covovax,Sinovac - CoronaVac",2/28/2021,8,27279879,39.083
The United Kingdom,GBR,EURO,REPORTING,9/11/2022,151248820,53813491,222.8,79.068,50762968,74.586,"AstraZeneca - Vaxzevria,Moderna - Spikevax,Pfizer BioNTech - Comirnaty",12/21/2020,3,,
Timor-Leste,TLS,SEARO,REPORTING,2/14/2023,2011703,883018,152.581,66.974,798020,60.527,"AstraZeneca - Vaxzevria,Pfizer BioNTech - Comirnaty,SII - Covishield,Sinovac - CoronaVac",4/7/2021,4,330665,25.08
Togo,TGO,AFRO,REPORTING,1/15/2023,3398445,2244456,41.05,27.111,1554066,18.772,SII - Covishield,3/10/2021,1,427804,5.168
Tokelau,TKL,WPRO,REPORTING,11/23/2022,6342,2203,469.778,163.185,2203,163.185,Pfizer BioNTech - Comirnaty,7/20/2021,1,968,71.704
Tonga,TON,WPRO,REPORTING,1/31/2023,203806,87278,192.825,82.575,77014,72.864,"AstraZeneca - Vaxzevria,Pfizer BioNTech - Comirnaty",4/14/2021,2,38406,36.337
Trinidad and Tobago,TTO,AMRO,REPORTING,2/10/2023,1588567,754399,113.511,53.905,718474,51.338,"AstraZeneca - Vaxzevria,Beijing CNBG - BBIBP-CorV,Janssen - Ad26.COV 2-S,Pfizer BioNTech - Comirnaty,SII - Covishield",2/17/2021,5,174258,12.452
Tunisia,TUN,EMRO,REPORTING,2/14/2023,13243761,7217795,112.058,61.071,6398794,54.142,"AstraZeneca - Vaxzevria,Beijing CNBG - BBIBP-CorV,Bharat - Covaxin,CanSino - Convidecia,Gamaleya - Gam-Covid-Vac,Gamaleya - Sputnik-Light,Janssen - Ad26.COV 2-S,Moderna - Spikevax,Pfizer BioNTech - Comirnaty,Sinovac - CoronaVac",3/13/2021,10,1255432,10.622
Turkey,TUR,EURO,REPORTING,1/29/2023,139694693,50974980,165.63,61.919,50670345,60.935,"Pfizer BioNTech - Comirnaty, Sinovac - CoronaVac, Turkovac",,3,27896331,33.547
Turkmenistan,TKM,EURO,REPORTING,2/5/2023,13040514,3359468,216.2,55.702,3358426,55.684,"Anhui ZL - Zifivax,AstraZeneca - Vaxzevria,Beijing CNBG - BBIBP-CorV,Gamaleya - Gam-Covid-Vac,RIBSP - QazVac,SRCVB - EpiVacCorona,Unknown Vaccine",2/24/2021,7,3171535,52.586
Turks and Caicos Islands,TCA,AMRO,REPORTING,2/10/2023,73907,32815,190.885,84.754,30710,79.317,Pfizer BioNTech - Comirnaty,1/11/2021,1,7443,19.224
Tuvalu,TUV,WPRO,REPORTING,8/31/2022,25591,9603,217.02,81.437,9322,79.054,AstraZeneca - Vaxzevria,4/13/2021,1,5528,46.879
Uganda,UGA,AFRO,REPORTING,1/29/2023,26299538,19488104,57.497,42.605,13023635,28.473,"Janssen - Ad26.COV 2-S,Moderna - Spikevax,Pfizer BioNTech - Comirnaty,SII - Covishield,Sinovac - CoronaVac",3/10/2021,5,542628,1.186
Ukraine,UKR,EURO,REPORTING,2/27/2022,31668577,15774300,72.4,36.069,15153577,34.65,"AstraZeneca - Vaxzevria,Janssen - Ad26.COV 2-S,Moderna - Spikevax,Pfizer BioNTech - Comirnaty,SII - Covishield,Sinovac - CoronaVac",2/24/2021,6,741197,1.695
United Arab Emirates,ARE,EMRO,REPORTING,7/6/2022,24922054,9991089,251.982,101.018,9792266,99.008,"AstraZeneca - Vaxzevria,Beijing CNBG - BBIBP-CorV,Bharat - Covaxin,CanSino - Convidecia,Gamaleya - Gam-Covid-Vac,Gamaleya - Sputnik-Light,Janssen - Ad26.COV 2-S,Moderna - Spikevax,Pfizer BioNTech - Comirnaty,SII - Covishield,Sinovac - CoronaVac",,11,5138699,51.956
United Republic of Tanzania,TZA,AFRO,REPORTING,12/11/2022,35994687,31191545,60.258,52.217,29270881,49.002,"Beijing CNBG - BBIBP-CorV,Janssen - Ad26.COV 2-S,Pfizer BioNTech - Comirnaty",7/28/2021,3,,
United States of America,USA,AMRO,REPORTING,2/10/2023,662514513,266306865,200.154,80.455,227136359,68.621,"Janssen - Ad26.COV 2-S,Moderna - Spikevax,Novavax-NUVAXOVID,Pfizer BioNTech - Comirnaty",12/14/2020,4,115413606,34.868
Uruguay,URY,AMRO,REPORTING,2/10/2023,8926009,3006034,256.957,86.536,2898307,83.435,"AstraZeneca - Vaxzevria,Pfizer BioNTech - Comirnaty,Sinovac - CoronaVac",2/27/2021,3,2074060,59.707
Uzbekistan,UZB,EURO,REPORTING,2/5/2023,74976351,21674823,224,64.761,18101452,54.084,"Anhui ZL - Zifivax,Gamaleya - Gam-Covid-Vac,Gamaleya - Sputnik-Light,Moderna - Spikevax,Pfizer BioNTech - Comirnaty,SII - Covishield,Sinovac - CoronaVac,Unknown Vaccine",4/28/2021,8,15319866,45.773
Vanuatu,VUT,WPRO,REPORTING,8/28/2022,292146,144290,95.117,46.978,131300,42.749,"AstraZeneca - Vaxzevria,Beijing CNBG - BBIBP-CorV,Janssen - Ad26.COV 2-S",6/2/2021,3,16556,5.39
Venezuela (Bolivarian Republic of),VEN,AMRO,REPORTING,2/10/2023,37860994,22157232,133.145,77.92,14287370,50.244,"Beijing CNBG - BBIBP-CorV,CIGB - CIGB-66,Finlay - Soberana-02,Gamaleya - Gam-Covid-Vac,Gamaleya - Sputnik-Light,Sinovac - CoronaVac",2/22/2021,6,651502,2.291
Viet Nam,VNM,WPRO,REPORTING,2/9/2023,266211063,90457873,273.49,92.931,85928073,88.278,"AstraZeneca - Vaxzevria,Beijing CNBG - BBIBP-CorV,CIGB - CIGB-66,Gamaleya - Gam-Covid-Vac,Moderna - Spikevax,Pfizer BioNTech - Comirnaty",3/8/2021,6,57743764,59.323
Wallis and Futuna,WLF,WPRO,REPORTING,7/26/2022,16782,6592,149.226,58.616,6989,62.147,Moderna - Spikevax,3/19/2021,1,3201,28.463
Yemen,YEM,EMRO,REPORTING,1/3/2023,1242982,1006274,4.167,3.374,761003,2.551,"AstraZeneca - Vaxzevria,Beijing CNBG - BBIBP-CorV,Bharat - Covaxin,CanSino - Convidecia,Gamaleya - Gam-Covid-Vac,Gamaleya - Sputnik-Light,Janssen - Ad26.COV 2-S,Moderna - Spikevax,Pfizer BioNTech - Comirnaty,SII - Covishield,Sinovac - CoronaVac",4/20/2021,11,59307,0.199
Zambia,ZMB,AFRO,REPORTING,1/22/2023,13614983,11076636,74.059,60.252,8693172,47.287,"Beijing CNBG - BBIBP-CorV,Janssen - Ad26.COV 2-S,SII - Covishield",4/14/2021,3,1041841,5.667
Zimbabwe,ZWE,AFRO,REPORTING,11/13/2022,12694853,6558577,85.413,44.127,4927696,33.154,"Beijing CNBG - BBIBP-CorV,Bharat - Covaxin,Gamaleya - Gam-Covid-Vac,Sinovac - CoronaVac",2/18/2021,4,1208580,8.132
